{"cameraMode":{"drawMode":0,"name":"Shaded","section":"Shading Mode"},"sceneLighting":true,"audioPlay":false,"sceneViewState":{"showFog":true,"showMaterialUpdate":false,"showSkybox":true,"showFlares":true,"showImageEffects":true,"showParticleSystems":true,"showVisualEffectGraphs":true,"m_FxEnabled":true},"in2DMode":false,"pivot":{"x":731.2450561523438,"y":629.37060546875,"z":56.9385986328125},"rotation":{"x":0.004808743949979544,"y":-0.022502724081277849,"z":0.00010807707440108061,"w":0.9997372031211853},"size":591.8804931640625,"orthographic":false}